Frescos,Talho,https://lojaonline.intermarche.pt/24-guimaraes/rayon/frescos/talho/10152-porco
Frescos,Talho,https://lojaonline.intermarche.pt/24-guimaraes/rayon/frescos/talho/10151-novilhovitela-e-vitelao
Frescos,Talho,https://lojaonline.intermarche.pt/24-guimaraes/rayon/frescos/talho/10154-aves-e-coelho
Frescos,Talho,https://lojaonline.intermarche.pt/24-guimaraes/rayon/frescos/talho/10153-salsichas
Frescos,Talho,https://lojaonline.intermarche.pt/24-guimaraes/rayon/frescos/talho/10150-miudezas
Frescos,Peixaria,https://lojaonline.intermarche.pt/24-guimaraes/rayon/frescos/peixaria/10143-bacalhau
Frescos,Peixaria,https://lojaonline.intermarche.pt/24-guimaraes/rayon/frescos/peixaria/10145-peixe-fresco
Frescos,Peixaria,https://lojaonline.intermarche.pt/24-guimaraes/rayon/frescos/peixaria/10147-peixe-congelado-inteiro
Frescos,Peixaria,https://lojaonline.intermarche.pt/24-guimaraes/rayon/frescos/peixaria/10817-peixe-congelado-higienizado
Frescos,Peixaria,https://lojaonline.intermarche.pt/24-guimaraes/rayon/frescos/peixaria/10144-marisco-fresco
Frescos,Peixaria,https://lojaonline.intermarche.pt/24-guimaraes/rayon/frescos/peixaria/10428-marisco-congelado
Frescos,Peixaria,https://lojaonline.intermarche.pt/24-guimaraes/rayon/frescos/peixaria/10146-salmao-fumado-e-especialidades
Frescos,Legumes,https://lojaonline.intermarche.pt/24-guimaraes/rayon/frescos/legumes/1001-alfaces-e-outras-saladas
Frescos,Legumes,https://lojaonline.intermarche.pt/24-guimaraes/rayon/frescos/legumes/10132-batatascebola-e-alhos
Frescos,Legumes,https://lojaonline.intermarche.pt/24-guimaraes/rayon/frescos/legumes/10135-couves-feijao-verde-e-nabos
Frescos,Legumes,https://lojaonline.intermarche.pt/24-guimaraes/rayon/frescos/legumes/10137-espinafres-agriao-e-alho-frances
Frescos,Legumes,https://lojaonline.intermarche.pt/24-guimaraes/rayon/frescos/legumes/10133-cenouras-e-abobora
Frescos,Legumes,https://lojaonline.intermarche.pt/24-guimaraes/rayon/frescos/legumes/10136-ervas-aromaticas
Frescos,Legumes,https://lojaonline.intermarche.pt/24-guimaraes/rayon/frescos/legumes/10140-pepinos-e-courgettes
Frescos,Legumes,https://lojaonline.intermarche.pt/24-guimaraes/rayon/frescos/legumes/10142-tomate
Frescos,Legumes,https://lojaonline.intermarche.pt/24-guimaraes/rayon/frescos/legumes/10141-pimentos
Frescos,Legumes,https://lojaonline.intermarche.pt/24-guimaraes/rayon/frescos/legumes/10138-saladas-e-legumes-embalados
Frescos,Legumes,https://lojaonline.intermarche.pt/24-guimaraes/rayon/frescos/legumes/10139-outros-legumes
Frescos,Legumes,https://lojaonline.intermarche.pt/24-guimaraes/rayon/frescos/legumes/10131-azeitonas-e-tremocos
Frescos,Frutas,https://lojaonline.intermarche.pt/24-guimaraes/rayon/frescos/frutas/10129-macas-e-peras
Frescos,Frutas,https://lojaonline.intermarche.pt/24-guimaraes/rayon/frescos/frutas/10123-laranja-limao-e-outros-citrinos
Frescos,Frutas,https://lojaonline.intermarche.pt/24-guimaraes/rayon/frescos/frutas/10128-banana-e-kiwi
Frescos,Frutas,https://lojaonline.intermarche.pt/24-guimaraes/rayon/frescos/frutas/10034-ananas-e-abacaxi
Frescos,Frutas,https://lojaonline.intermarche.pt/24-guimaraes/rayon/frescos/frutas/10122-frutas-tropicais
Frescos,Frutas,https://lojaonline.intermarche.pt/24-guimaraes/rayon/frescos/frutas/10124-uvas-melao-e-meloa
Frescos,Frutas,https://lojaonline.intermarche.pt/24-guimaraes/rayon/frescos/frutas/10125-frutos-vermelhos
Frescos,Frutas,https://lojaonline.intermarche.pt/24-guimaraes/rayon/frescos/frutas/10127-pessegos-nectarinas-e-ameixas
Frescos,Frutas,https://lojaonline.intermarche.pt/24-guimaraes/rayon/frescos/frutas/10126-outras-frutas
Frescos,Frutas,https://lojaonline.intermarche.pt/24-guimaraes/rayon/frescos/frutas/10766-frutos-secos-a-granel
Frescos,Charcutaria e Queijos,https://lojaonline.intermarche.pt/24-guimaraes/rayon/frescos/charcutaria/10155-alheira-farinheira-e-morcela
Frescos,Charcutaria e Queijos,https://lojaonline.intermarche.pt/24-guimaraes/rayon/frescos/charcutaria/10156-bacon-e-outras-carnes-fumadas
Frescos,Charcutaria e Queijos,https://lojaonline.intermarche.pt/24-guimaraes/rayon/frescos/charcutaria/10157-chourico-e-linguica
Frescos,Charcutaria e Queijos,https://lojaonline.intermarche.pt/24-guimaraes/rayon/frescos/charcutaria/10162-salpicao-salame-e-chouricao
Frescos,Charcutaria e Queijos,https://lojaonline.intermarche.pt/24-guimaraes/rayon/frescos/charcutaria/10161-presunto-paio-e-painho
Frescos,Charcutaria e Queijos,https://lojaonline.intermarche.pt/24-guimaraes/rayon/frescos/charcutaria/10159-fiambre-de-porco
Frescos,Charcutaria e Queijos,https://lojaonline.intermarche.pt/24-guimaraes/rayon/frescos/charcutaria/10158-fiambre-de-aves
Frescos,Charcutaria e Queijos,https://lojaonline.intermarche.pt/24-guimaraes/rayon/frescos/charcutaria/10160-pate-mortadelas-e-torresmos
Frescos,Charcutaria e Queijos,https://lojaonline.intermarche.pt/24-guimaraes/rayon/frescos/charcutaria/10832-salsichas
Frescos,Padaria e Pastelaria,https://lojaonline.intermarche.pt/24-guimaraes/rayon/frescos/padaria-e-pastelaria/10036-pao-e-broa
Frescos,Padaria e Pastelaria,https://lojaonline.intermarche.pt/24-guimaraes/rayon/frescos/padaria-e-pastelaria/10164-pastelaria
Frescos,Padaria e Pastelaria,https://lojaonline.intermarche.pt/24-guimaraes/rayon/frescos/padaria-e-pastelaria/10763-pastelaria-salgada
Frescos,Padaria e Pastelaria,https://lojaonline.intermarche.pt/24-guimaraes/rayon/frescos/padaria-e-pastelaria/10764-bolos-e-tartes
Frescos,Padaria e Pastelaria,https://lojaonline.intermarche.pt/24-guimaraes/rayon/frescos/padaria-e-pastelaria/10824-pao-embalado
Frescos,Padaria e Pastelaria,https://lojaonline.intermarche.pt/24-guimaraes/rayon/frescos/padaria-e-pastelaria/10825-croissants-e-paes-de-leite
Frescos,Refeições,https://lojaonline.intermarche.pt/24-guimaraes/rayon/frescos/refeicoes-prontas/10762-massas-culinarias-frescas
Mercearia,"Arroz, Massa e Farinha",https://lojaonline.intermarche.pt/24-guimaraes/rayon/mercearia/arroz-massa-e-farinha/10178-arroz
Mercearia,"Arroz, Massa e Farinha",https://lojaonline.intermarche.pt/24-guimaraes/rayon/mercearia/arroz-massa-e-farinha/10179-massa
Mercearia,"Arroz, Massa e Farinha",https://lojaonline.intermarche.pt/24-guimaraes/rayon/mercearia/arroz-massa-e-farinha/10180-farinha
Mercearia,"Azeite, Óleo e Vinagre",https://lojaonline.intermarche.pt/24-guimaraes/rayon/mercearia/azeite-oleo-e-vinagre/1007-azeite
Mercearia,"Azeite, Óleo e Vinagre",https://lojaonline.intermarche.pt/24-guimaraes/rayon/mercearia/azeite-oleo-e-vinagre/1006-oleo
Mercearia,"Azeite, Óleo e Vinagre",https://lojaonline.intermarche.pt/24-guimaraes/rayon/mercearia/azeite-oleo-e-vinagre/10193-vinagre
Mercearia,Molhos e temperos,https://lojaonline.intermarche.pt/24-guimaraes/rayon/mercearia/molhos-e-temperos/1008-molhos
Mercearia,Molhos e temperos,https://lojaonline.intermarche.pt/24-guimaraes/rayon/mercearia/molhos-e-temperos/10199-temperos
Mercearia,Molhos e temperos,https://lojaonline.intermarche.pt/24-guimaraes/rayon/mercearia/molhos-e-temperos/10200-condimentos
Mercearia,Batatas fritas e snacks,https://lojaonline.intermarche.pt/24-guimaraes/rayon/mercearia/batatas-fritas-e-snacks/10218-batatas-caseiras-e-palha
Mercearia,Batatas fritas e snacks,https://lojaonline.intermarche.pt/24-guimaraes/rayon/mercearia/batatas-fritas-e-snacks/10219-batatas-com-sabores
Mercearia,Batatas fritas e snacks,https://lojaonline.intermarche.pt/24-guimaraes/rayon/mercearia/batatas-fritas-e-snacks/10220-batatas-light
Mercearia,Batatas fritas e snacks,https://lojaonline.intermarche.pt/24-guimaraes/rayon/mercearia/batatas-fritas-e-snacks/10221-batatas-lisas-e-onduladas
Mercearia,Batatas fritas e snacks,https://lojaonline.intermarche.pt/24-guimaraes/rayon/mercearia/batatas-fritas-e-snacks/10222-snacks-e-aperitivos
Mercearia,Batatas fritas e snacks,https://lojaonline.intermarche.pt/24-guimaraes/rayon/mercearia/batatas-fritas-e-snacks/10223-frutos-secos
Mercearia,Conservas e patês,https://lojaonline.intermarche.pt/24-guimaraes/rayon/mercearia/conservas-e-pates/10224-conservas-de-carne
Mercearia,Conservas e patês,https://lojaonline.intermarche.pt/24-guimaraes/rayon/mercearia/conservas-e-pates/10225-conservas-de-peixe
Mercearia,Conservas e patês,https://lojaonline.intermarche.pt/24-guimaraes/rayon/mercearia/conservas-e-pates/10231-conservas-de-vegetais
Mercearia,Conservas e patês,https://lojaonline.intermarche.pt/24-guimaraes/rayon/mercearia/conservas-e-pates/10239-pates-e-pastas
Mercearia,Feijão e Grão,https://lojaonline.intermarche.pt/24-guimaraes/rayon/mercearia/feijao-e-grao-seco/10242-feijao
Mercearia,Feijão e Grão,https://lojaonline.intermarche.pt/24-guimaraes/rayon/mercearia/feijao-e-grao-seco/10243-grao
Mercearia,Sopas e refeições,https://lojaonline.intermarche.pt/24-guimaraes/rayon/mercearia/sopas-e-refeicoes/10245-refeicoes-prontas
Mercearia,Sopas e refeições,https://lojaonline.intermarche.pt/24-guimaraes/rayon/mercearia/sopas-e-refeicoes/10246-sopas-e-cremes
Mercearia,"Bolachas, biscoitos e bolos",https://lojaonline.intermarche.pt/24-guimaraes/rayon/mercearia/bolachas-biscoitos-e-bolos/10247-biscoitos
Mercearia,"Bolachas, biscoitos e bolos",https://lojaonline.intermarche.pt/24-guimaraes/rayon/mercearia/bolachas-biscoitos-e-bolos/10248-bolachas-cobertas
Mercearia,"Bolachas, biscoitos e bolos",https://lojaonline.intermarche.pt/24-guimaraes/rayon/mercearia/bolachas-biscoitos-e-bolos/10249-bolachas-cookies
Mercearia,"Bolachas, biscoitos e bolos",https://lojaonline.intermarche.pt/24-guimaraes/rayon/mercearia/bolachas-biscoitos-e-bolos/10250-bolacha-cream-cracker-e-agua-sal
Mercearia,"Bolachas, biscoitos e bolos",https://lojaonline.intermarche.pt/24-guimaraes/rayon/mercearia/bolachas-biscoitos-e-bolos/10251-bolachas-infantis
Mercearia,"Bolachas, biscoitos e bolos",https://lojaonline.intermarche.pt/24-guimaraes/rayon/mercearia/bolachas-biscoitos-e-bolos/10252-bolachas-integrais-e-digestivas
Mercearia,"Bolachas, biscoitos e bolos",https://lojaonline.intermarche.pt/24-guimaraes/rayon/mercearia/bolachas-biscoitos-e-bolos/10253-bolachas-maria-e-torrada
Mercearia,"Bolachas, biscoitos e bolos",https://lojaonline.intermarche.pt/24-guimaraes/rayon/mercearia/bolachas-biscoitos-e-bolos/10254-bolachas-recheio-de-chocolate
Mercearia,"Bolachas, biscoitos e bolos",https://lojaonline.intermarche.pt/24-guimaraes/rayon/mercearia/bolachas-biscoitos-e-bolos/10802-bolachas-outros-recheios
Mercearia,"Bolachas, biscoitos e bolos",https://lojaonline.intermarche.pt/24-guimaraes/rayon/mercearia/bolachas-biscoitos-e-bolos/10255-bolacha-shortcake-e-manteiga
Mercearia,"Bolachas, biscoitos e bolos",https://lojaonline.intermarche.pt/24-guimaraes/rayon/mercearia/bolachas-biscoitos-e-bolos/10256-bolachas-waffers
Mercearia,"Bolachas, biscoitos e bolos",https://lojaonline.intermarche.pt/24-guimaraes/rayon/mercearia/bolachas-biscoitos-e-bolos/10257-bolachas-especialidades
Mercearia,"Bolachas, biscoitos e bolos",https://lojaonline.intermarche.pt/24-guimaraes/rayon/mercearia/bolachas-biscoitos-e-bolos/10258-bolachas-sortidos
Mercearia,"Bolachas, biscoitos e bolos",https://lojaonline.intermarche.pt/24-guimaraes/rayon/mercearia/bolachas-biscoitos-e-bolos/10259-bolos-e-tortas
Mercearia,Cereais e barras,https://lojaonline.intermarche.pt/24-guimaraes/rayon/mercearia/cereais/10260-barras-de-cereais
Mercearia,Cereais e barras,https://lojaonline.intermarche.pt/24-guimaraes/rayon/mercearia/cereais/10261-cereais-corn-flake
Mercearia,Cereais e barras,https://lojaonline.intermarche.pt/24-guimaraes/rayon/mercearia/cereais/10262-cereais-muesli
Mercearia,Cereais e barras,https://lojaonline.intermarche.pt/24-guimaraes/rayon/mercearia/cereais/10263-cereais-crianca
Mercearia,Cereais e barras,https://lojaonline.intermarche.pt/24-guimaraes/rayon/mercearia/cereais/10264-outros-cereais
Mercearia,Cereais e barras,https://lojaonline.intermarche.pt/24-guimaraes/rayon/mercearia/cereais/10265-cereais-linha-e-saude
Mercearia,Cereais e barras,https://lojaonline.intermarche.pt/24-guimaraes/rayon/mercearia/cereais/10266-flocos-de-cereais-e-farinhas
Mercearia,"Chá, Café e Bebidas quentes",https://lojaonline.intermarche.pt/24-guimaraes/rayon/mercearia/cafes-e-misturas/10273-capsulas-e-pastilhas
Mercearia,"Chá, Café e Bebidas quentes",https://lojaonline.intermarche.pt/24-guimaraes/rayon/mercearia/cafes-e-misturas/10268-cafe-em-grao
Mercearia,"Chá, Café e Bebidas quentes",https://lojaonline.intermarche.pt/24-guimaraes/rayon/mercearia/cafes-e-misturas/10269-cafe-moagem-maquina
Mercearia,"Chá, Café e Bebidas quentes",https://lojaonline.intermarche.pt/24-guimaraes/rayon/mercearia/cafes-e-misturas/10270-cafe-moagem-saco
Mercearia,"Chá, Café e Bebidas quentes",https://lojaonline.intermarche.pt/24-guimaraes/rayon/mercearia/cafes-e-misturas/10267-cafe-descafeinado
Mercearia,"Chá, Café e Bebidas quentes",https://lojaonline.intermarche.pt/24-guimaraes/rayon/mercearia/cafes-e-misturas/10271-cafe-soluvel
Mercearia,"Chá, Café e Bebidas quentes",https://lojaonline.intermarche.pt/24-guimaraes/rayon/mercearia/cafes-e-misturas/10274-cevadas-e-misturas
Mercearia,"Chá, Café e Bebidas quentes",https://lojaonline.intermarche.pt/24-guimaraes/rayon/mercearia/cafes-e-misturas/10272-cappucino-e-outros
Mercearia,"Chá, Café e Bebidas quentes",https://lojaonline.intermarche.pt/24-guimaraes/rayon/mercearia/cafes-e-misturas/10275-filtros-para-cafe
Mercearia,"Chá, Café e Bebidas quentes",https://lojaonline.intermarche.pt/24-guimaraes/rayon/mercearia/chas-e-infusoes/10276-cha-de-ervas
Mercearia,"Chá, Café e Bebidas quentes",https://lojaonline.intermarche.pt/24-guimaraes/rayon/mercearia/chas-e-infusoes/10277-cha-de-frutos
Mercearia,"Chá, Café e Bebidas quentes",https://lojaonline.intermarche.pt/24-guimaraes/rayon/mercearia/chas-e-infusoes/10278-cha-preto
Mercearia,"Chá, Café e Bebidas quentes",https://lojaonline.intermarche.pt/24-guimaraes/rayon/mercearia/chas-e-infusoes/10280-outros-chas
Mercearia,"Chá, Café e Bebidas quentes",https://lojaonline.intermarche.pt/24-guimaraes/rayon/mercearia/chas-e-infusoes/10279-infusoes
Mercearia,"Chá, Café e Bebidas quentes",https://lojaonline.intermarche.pt/24-guimaraes/rayon/mercearia/chocolate-para-leite/10281-chocolate-e-cacau
Mercearia,Tostas e Pão Ralado,https://lojaonline.intermarche.pt/24-guimaraes/rayon/mercearia/tostas-e-pao-ralado/10283-pao-ralado
Mercearia,Tostas e Pão Ralado,https://lojaonline.intermarche.pt/24-guimaraes/rayon/mercearia/tostas-e-pao-ralado/10286-tostas
Mercearia,Açúcar e Adoçante,https://lojaonline.intermarche.pt/24-guimaraes/rayon/mercearia/acucar-e-adocante/10292-acucar
Mercearia,Açúcar e Adoçante,https://lojaonline.intermarche.pt/24-guimaraes/rayon/mercearia/acucar-e-adocante/10293-adocante
Mercearia,Doçaria,https://lojaonline.intermarche.pt/24-guimaraes/rayon/mercearia/sobremesas/10299-gelatina
Mercearia,Doçaria,https://lojaonline.intermarche.pt/24-guimaraes/rayon/mercearia/sobremesas/10303-pudins
Mercearia,Doçaria,https://lojaonline.intermarche.pt/24-guimaraes/rayon/mercearia/sobremesas/10301-mousse-e-outras-sobremesas
Mercearia,Doçaria,https://lojaonline.intermarche.pt/24-guimaraes/rayon/mercearia/sobremesas/10294-bolos-pre-preparados
Mercearia,Doçaria,https://lojaonline.intermarche.pt/24-guimaraes/rayon/mercearia/sobremesas/10300-leite-condensado-e-evaporado
Mercearia,Doçaria,https://lojaonline.intermarche.pt/24-guimaraes/rayon/mercearia/sobremesas/10295-chocolate-culinaria
Mercearia,Doçaria,https://lojaonline.intermarche.pt/24-guimaraes/rayon/mercearia/sobremesas/10296-coberturas-e-decoracao
Mercearia,Doçaria,https://lojaonline.intermarche.pt/24-guimaraes/rayon/mercearia/sobremesas/10297-fermentos-e-corantes
Mercearia,Doçaria,https://lojaonline.intermarche.pt/24-guimaraes/rayon/mercearia/sobremesas/10298-frutas-em-calda
Mercearia,Doçaria,https://lojaonline.intermarche.pt/24-guimaraes/rayon/mercearia/sobremesas/10302-polpas
Mercearia,Doçaria,https://lojaonline.intermarche.pt/24-guimaraes/rayon/mercearia/chocolates-bombons-e-snacks/10306-tabletes-chocolate-leite
Mercearia,Doçaria,https://lojaonline.intermarche.pt/24-guimaraes/rayon/mercearia/chocolates-bombons-e-snacks/10747-tabletes-chocolate-branco
Mercearia,Doçaria,https://lojaonline.intermarche.pt/24-guimaraes/rayon/mercearia/chocolates-bombons-e-snacks/10751-tabletes-chocolate-amendoaavela
Mercearia,Doçaria,https://lojaonline.intermarche.pt/24-guimaraes/rayon/mercearia/chocolates-bombons-e-snacks/10746-tabletes-de-chocolate-negro
Mercearia,Doçaria,https://lojaonline.intermarche.pt/24-guimaraes/rayon/mercearia/chocolates-bombons-e-snacks/10304-bombons
Mercearia,Doçaria,https://lojaonline.intermarche.pt/24-guimaraes/rayon/mercearia/chocolates-bombons-e-snacks/10308-drageias-de-chocolate
Mercearia,Doçaria,https://lojaonline.intermarche.pt/24-guimaraes/rayon/mercearia/chocolates-bombons-e-snacks/10307-snacks
Mercearia,Doçaria,https://lojaonline.intermarche.pt/24-guimaraes/rayon/mercearia/chocolates-bombons-e-snacks/10305-chocolate-infantil
Mercearia,Doçaria,https://lojaonline.intermarche.pt/24-guimaraes/rayon/mercearia/rebucados-pastilhas-e-gomas/10309-caramelos
Mercearia,Doçaria,https://lojaonline.intermarche.pt/24-guimaraes/rayon/mercearia/rebucados-pastilhas-e-gomas/10311-caramelos-de-frutas
Mercearia,Doçaria,https://lojaonline.intermarche.pt/24-guimaraes/rayon/mercearia/rebucados-pastilhas-e-gomas/10310-gomas
Mercearia,Doçaria,https://lojaonline.intermarche.pt/24-guimaraes/rayon/mercearia/rebucados-pastilhas-e-gomas/10316-rebucados-e-drageias-de-frutas
Mercearia,Doçaria,https://lojaonline.intermarche.pt/24-guimaraes/rayon/mercearia/rebucados-pastilhas-e-gomas/10312-rebucados-peitorais-e-mentol
Mercearia,Doçaria,https://lojaonline.intermarche.pt/24-guimaraes/rayon/mercearia/rebucados-pastilhas-e-gomas/10313-outros-rebucados
Mercearia,Doçaria,https://lojaonline.intermarche.pt/24-guimaraes/rayon/mercearia/rebucados-pastilhas-e-gomas/10314-pastilhas-elasticas-sem-acucar
Mercearia,Doçaria,https://lojaonline.intermarche.pt/24-guimaraes/rayon/mercearia/rebucados-pastilhas-e-gomas/10744-torrao-e-chupa-chupas
Mercearia,"Mel, Doces e Cremes para barrar",https://lojaonline.intermarche.pt/24-guimaraes/rayon/mercearia/mel-doces-e-cremes-barrar/10317-creme-para-barrar
Mercearia,"Mel, Doces e Cremes para barrar",https://lojaonline.intermarche.pt/24-guimaraes/rayon/mercearia/mel-doces-e-cremes-barrar/10318-marmelada-e-goiabada
Mercearia,"Mel, Doces e Cremes para barrar",https://lojaonline.intermarche.pt/24-guimaraes/rayon/mercearia/mel-doces-e-cremes-barrar/10319-mel
Mercearia,"Mel, Doces e Cremes para barrar",https://lojaonline.intermarche.pt/24-guimaraes/rayon/mercearia/mel-doces-e-cremes-barrar/10320-doces
Mercearia,"Mel, Doces e Cremes para barrar",https://lojaonline.intermarche.pt/24-guimaraes/rayon/mercearia/mel-doces-e-cremes-barrar/10321-doces-light
Mercearia,"Mel, Doces e Cremes para barrar",https://lojaonline.intermarche.pt/24-guimaraes/rayon/mercearia/mel-doces-e-cremes-barrar/10674-geleia
Bebidas,Água,https://lojaonline.intermarche.pt/24-guimaraes/rayon/bebidas/aguas/10014-aguas-com-gas
Bebidas,Água,https://lojaonline.intermarche.pt/24-guimaraes/rayon/bebidas/aguas/10012-aguas-sem-gas
Bebidas,Refrigerantes,https://lojaonline.intermarche.pt/24-guimaraes/rayon/bebidas/refrigerantes/10011-refrigerantes-com-gas
Bebidas,Refrigerantes,https://lojaonline.intermarche.pt/24-guimaraes/rayon/bebidas/refrigerantes/10325-refrigerantes-sem-gas
Bebidas,Energéticas,https://lojaonline.intermarche.pt/24-guimaraes/rayon/bebidas/refrigerantes/10333-energeticas-e-isotonicas
Bebidas,Sumos e néctares,https://lojaonline.intermarche.pt/24-guimaraes/rayon/bebidas/sumos-e-nectares/10334-sumos-100
Bebidas,Sumos e néctares,https://lojaonline.intermarche.pt/24-guimaraes/rayon/bebidas/sumos-e-nectares/10336-nectares-de-frutas
Bebidas,Sumos e néctares,https://lojaonline.intermarche.pt/24-guimaraes/rayon/bebidas/sumos-e-nectares/10337-nectares-light
Bebidas,Sumos e néctares,https://lojaonline.intermarche.pt/24-guimaraes/rayon/bebidas/sumos-e-nectares/10338-xaropes-e-concentrados
Bebidas,Sumos e néctares,https://lojaonline.intermarche.pt/24-guimaraes/rayon/bebidas/sumos-e-nectares/10339-sumos-em-po
Bebidas,Cervejas,https://lojaonline.intermarche.pt/24-guimaraes/rayon/bebidas/cervejas/10340-cervejas-com-alcool
Bebidas,Cervejas,https://lojaonline.intermarche.pt/24-guimaraes/rayon/bebidas/cervejas/10341-cervejas-sem-alcool
Bebidas,Cervejas,https://lojaonline.intermarche.pt/24-guimaraes/rayon/bebidas/cervejas/10342-panache-e-cidra
Bebidas,Vinhos,https://lojaonline.intermarche.pt/24-guimaraes/rayon/bebidas/vinhos-correntes/10347-vinho-maduro-tinto
Bebidas,Vinhos,https://lojaonline.intermarche.pt/24-guimaraes/rayon/bebidas/vinhos-correntes/10348-vinho-maduro-branco
Bebidas,Vinhos,https://lojaonline.intermarche.pt/24-guimaraes/rayon/bebidas/vinhos-correntes/10351-tetra-pack
Bebidas,Vinhos,https://lojaonline.intermarche.pt/24-guimaraes/rayon/bebidas/vinhos-correntes/10352-bag-in-box-e-garrafoes
Bebidas,Vinhos,https://lojaonline.intermarche.pt/24-guimaraes/rayon/bebidas/vinhos-correntes/10349-rose
Bebidas,Vinhos,https://lojaonline.intermarche.pt/24-guimaraes/rayon/bebidas/vinhos-correntes/10350-sangria
Bebidas,Vinhos,https://lojaonline.intermarche.pt/24-guimaraes/rayon/bebidas/vinhos-correntes/10750-vinho-frisante-leve
Bebidas,Vinhos,https://lojaonline.intermarche.pt/24-guimaraes/rayon/bebidas/vinhos-de-mesa-superiores/10353-vinhos-verdes
Bebidas,Vinhos,https://lojaonline.intermarche.pt/24-guimaraes/rayon/bebidas/vinhos-de-mesa-superiores/10354-vinhos-do-douro
Bebidas,Vinhos,https://lojaonline.intermarche.pt/24-guimaraes/rayon/bebidas/vinhos-de-mesa-superiores/10355-vinhos-do-dao
Bebidas,Vinhos,https://lojaonline.intermarche.pt/24-guimaraes/rayon/bebidas/vinhos-de-mesa-superiores/10356-vinhos-da-bairrada-e-beiras
Bebidas,Vinhos,https://lojaonline.intermarche.pt/24-guimaraes/rayon/bebidas/vinhos-de-mesa-superiores/10357-vinhos-do-tejo-e-lisboa
Bebidas,Vinhos,https://lojaonline.intermarche.pt/24-guimaraes/rayon/bebidas/vinhos-de-mesa-superiores/10740-vinhos-peninsula-setubal
Bebidas,Vinhos,https://lojaonline.intermarche.pt/24-guimaraes/rayon/bebidas/vinhos-de-mesa-superiores/10358-vinho-alentejo-e-algarve
Bebidas,Vinhos,https://lojaonline.intermarche.pt/24-guimaraes/rayon/bebidas/vinhos-de-mesa-superiores/10709-vinhos-estrangeiros
Bebidas,Vinhos,https://lojaonline.intermarche.pt/24-guimaraes/rayon/bebidas/vinhos-de-mesa-superiores/10359-bag-in-box
Bebidas,Vinhos licorosos e aperitivos,https://lojaonline.intermarche.pt/24-guimaraes/rayon/bebidas/vinhos-licorosos-e-aperitivos/10700-moscatel-favaios-jeropiga
Bebidas,Vinhos licorosos e aperitivos,https://lojaonline.intermarche.pt/24-guimaraes/rayon/bebidas/vinhos-licorosos-e-aperitivos/10701-porto-branco
Bebidas,Vinhos licorosos e aperitivos,https://lojaonline.intermarche.pt/24-guimaraes/rayon/bebidas/vinhos-licorosos-e-aperitivos/10702-porto-reservas-e-datados
Bebidas,Vinhos licorosos e aperitivos,https://lojaonline.intermarche.pt/24-guimaraes/rayon/bebidas/vinhos-licorosos-e-aperitivos/10703-porto-ruby
Bebidas,Vinhos licorosos e aperitivos,https://lojaonline.intermarche.pt/24-guimaraes/rayon/bebidas/vinhos-licorosos-e-aperitivos/10704-porto-tawny
Bebidas,Vinhos licorosos e aperitivos,https://lojaonline.intermarche.pt/24-guimaraes/rayon/bebidas/vinhos-licorosos-e-aperitivos/10705-vermutes-e-outros-aperitivos
Bebidas,Champanhes e espumantes,https://lojaonline.intermarche.pt/24-guimaraes/rayon/bebidas/champanhes-e-espumantes/10382-champanhes
Bebidas,Champanhes e espumantes,https://lojaonline.intermarche.pt/24-guimaraes/rayon/bebidas/champanhes-e-espumantes/10383-espumantes
Bebidas,Champanhes e espumantes,https://lojaonline.intermarche.pt/24-guimaraes/rayon/bebidas/champanhes-e-espumantes/10384-espumosos
Bebidas,Espirituosas,https://lojaonline.intermarche.pt/24-guimaraes/rayon/bebidas/bebidas-espirituosas/10385-licores
Bebidas,Espirituosas,https://lojaonline.intermarche.pt/24-guimaraes/rayon/bebidas/bebidas-espirituosas/10386-aguardentes-e-bagaceiras
Bebidas,Espirituosas,https://lojaonline.intermarche.pt/24-guimaraes/rayon/bebidas/bebidas-espirituosas/10387-cachaca-e-rum
Bebidas,Espirituosas,https://lojaonline.intermarche.pt/24-guimaraes/rayon/bebidas/bebidas-espirituosas/10388-brandy
Bebidas,Espirituosas,https://lojaonline.intermarche.pt/24-guimaraes/rayon/bebidas/bebidas-espirituosas/10389-gin-e-vodka
Bebidas,Espirituosas,https://lojaonline.intermarche.pt/24-guimaraes/rayon/bebidas/bebidas-espirituosas/10390-whisky-novo
Bebidas,Espirituosas,https://lojaonline.intermarche.pt/24-guimaraes/rayon/bebidas/bebidas-espirituosas/10391-whisky-velho
Lacticínios,Leite,https://lojaonline.intermarche.pt/24-guimaraes/rayon/laticinios/leite/10676-leite-magro
Lacticínios,Leite,https://lojaonline.intermarche.pt/24-guimaraes/rayon/laticinios/leite/10677-leite-meio-gordo
Lacticínios,Leite,https://lojaonline.intermarche.pt/24-guimaraes/rayon/laticinios/leite/10679-leite-gordo
Lacticínios,Leite,https://lojaonline.intermarche.pt/24-guimaraes/rayon/laticinios/leite/10678-leite-funcional
Lacticínios,Leite,https://lojaonline.intermarche.pt/24-guimaraes/rayon/laticinios/leite/10680-leite-achocolatado
Lacticínios,Leite,https://lojaonline.intermarche.pt/24-guimaraes/rayon/laticinios/leite/10681-leite-aromatizado
Lacticínios,Leite,https://lojaonline.intermarche.pt/24-guimaraes/rayon/laticinios/leite/10682-leite-crianca
Lacticínios,Leite,https://lojaonline.intermarche.pt/24-guimaraes/rayon/laticinios/leite/10724-leite-em-po
Lacticínios,Leite,https://lojaonline.intermarche.pt/24-guimaraes/rayon/dieta-e-nutricao/alimentos-sem-lactose/10834-bebidas-sem-lactose
Lacticínios,Natas e Margarinas Culinárias,https://lojaonline.intermarche.pt/24-guimaraes/rayon/laticinios/natas-e-margarinas-culinarias/10684-natas-bechamel-e-chantilly
Lacticínios,Natas e Margarinas Culinárias,https://lojaonline.intermarche.pt/24-guimaraes/rayon/laticinios/natas-e-margarinas-culinarias/10687-margarinas-culinarias
Lacticínios,Manteigas e Cremes de Barrar,https://lojaonline.intermarche.pt/24-guimaraes/rayon/laticinios/manteigas-e-cremes-vegetais/10688-manteigas
Lacticínios,Manteigas e Cremes de Barrar,https://lojaonline.intermarche.pt/24-guimaraes/rayon/laticinios/manteigas-e-cremes-vegetais/10689-cremes-vegetais
Lacticínios,Ovos,https://lojaonline.intermarche.pt/24-guimaraes/rayon/laticinios/ovos/10820-ovos-tradicionais
Lacticínios,Iogurtes,https://lojaonline.intermarche.pt/24-guimaraes/rayon/laticinios/iogurtes/10394-iogurtes-naturais
Lacticínios,Iogurtes,https://lojaonline.intermarche.pt/24-guimaraes/rayon/laticinios/iogurtes/10395-iogurtes-aromas
Lacticínios,Iogurtes,https://lojaonline.intermarche.pt/24-guimaraes/rayon/laticinios/iogurtes/10396-iogurtes-pedacos
Lacticínios,Iogurtes,https://lojaonline.intermarche.pt/24-guimaraes/rayon/laticinios/iogurtes/10397-iogurtes-magros
Lacticínios,Iogurtes,https://lojaonline.intermarche.pt/24-guimaraes/rayon/laticinios/iogurtes/10399-iogurtes-cremosos-e-de-polpa
Lacticínios,Iogurtes,https://lojaonline.intermarche.pt/24-guimaraes/rayon/laticinios/iogurtes/10400-iogurtes-liquidos
Lacticínios,Iogurtes,https://lojaonline.intermarche.pt/24-guimaraes/rayon/laticinios/iogurtes/10401-iogurtes-infantis-e-queijinhos
Lacticínios,Iogurtes,https://lojaonline.intermarche.pt/24-guimaraes/rayon/laticinios/iogurtes/10398-iogurtes-bifidus
Lacticínios,Iogurtes,https://lojaonline.intermarche.pt/24-guimaraes/rayon/laticinios/iogurtes/10767-iogurtes-defesas-ativas-e-coracao-saudavel
Lacticínios,Queijos,https://lojaonline.intermarche.pt/24-guimaraes/rayon/laticinios/queijos/10403-queijo-corrente
Lacticínios,Queijos,https://lojaonline.intermarche.pt/24-guimaraes/rayon/laticinios/queijos/10404-queijo-flamengo
Lacticínios,Queijos,https://lojaonline.intermarche.pt/24-guimaraes/rayon/laticinios/queijos/10405-queijo-light
Lacticínios,Queijos,https://lojaonline.intermarche.pt/24-guimaraes/rayon/laticinios/queijos/10406-queijo-fatias
Lacticínios,Queijos,https://lojaonline.intermarche.pt/24-guimaraes/rayon/laticinios/queijos/10735-queijo-fundido-e-creme
Lacticínios,Queijos,https://lojaonline.intermarche.pt/24-guimaraes/rayon/laticinios/queijos/10407-queijo-fresco-e-requeijao
Lacticínios,Queijos,https://lojaonline.intermarche.pt/24-guimaraes/rayon/laticinios/queijos/10408-queijo-regional-ovelha
Lacticínios,Queijos,https://lojaonline.intermarche.pt/24-guimaraes/rayon/laticinios/queijos/10736-queijo-regional-cabra
Lacticínios,Queijos,https://lojaonline.intermarche.pt/24-guimaraes/rayon/laticinios/queijos/10409-queijo-regional-vaca
Lacticínios,Queijos,https://lojaonline.intermarche.pt/24-guimaraes/rayon/laticinios/queijos/10410-queijo-regional-mistura
Lacticínios,Queijos,https://lojaonline.intermarche.pt/24-guimaraes/rayon/laticinios/queijos/10411-queijo-ralado-e-para-saladas
Lacticínios,Queijos,https://lojaonline.intermarche.pt/24-guimaraes/rayon/laticinios/queijos/10412-outros-queijos
Lacticínios,Queijos,https://lojaonline.intermarche.pt/24-guimaraes/rayon/laticinios/queijos/10413-queijo-frances
Lacticínios,Queijos,https://lojaonline.intermarche.pt/24-guimaraes/rayon/laticinios/queijos/10414-queijo-italiano
Lacticínios,Sobremesas e Polpas de Fruta,https://lojaonline.intermarche.pt/24-guimaraes/rayon/laticinios/sobremesas-e-polpas-de-fruta/10719-mousses-e-pudins
Lacticínios,Sobremesas e Polpas de Fruta,https://lojaonline.intermarche.pt/24-guimaraes/rayon/laticinios/sobremesas-e-polpas-de-fruta/10722-outras-sobremesas
Lacticínios,Sobremesas e Polpas de Fruta,https://lojaonline.intermarche.pt/24-guimaraes/rayon/laticinios/sobremesas-e-polpas-de-fruta/10721-polpas-de-fruta
Lacticínios,Sobremesas e Polpas de Fruta,https://lojaonline.intermarche.pt/24-guimaraes/rayon/laticinios/sobremesas-e-polpas-de-fruta/10795-bebidas-refrigeradas
Lacticínios,Sobremesas e Polpas de Fruta,https://lojaonline.intermarche.pt/24-guimaraes/rayon/laticinios/sobremesas-e-polpas-de-fruta/10800-gelatinas-prontas
Congelados,Refeições,https://lojaonline.intermarche.pt/24-guimaraes/rayon/congelados/refeicoes/10416-entradas-e-salgados
Congelados,Refeições,https://lojaonline.intermarche.pt/24-guimaraes/rayon/congelados/refeicoes/10789-panados
Congelados,Refeições,https://lojaonline.intermarche.pt/24-guimaraes/rayon/congelados/refeicoes/10418-pizzas-e-massas-italianas
Congelados,Refeições,https://lojaonline.intermarche.pt/24-guimaraes/rayon/congelados/refeicoes/10419-refeicoes-carne
Congelados,Refeições,https://lojaonline.intermarche.pt/24-guimaraes/rayon/congelados/bases-e-massas-culinarias/10729-massas-culinarias
Congelados,Carnes,https://lojaonline.intermarche.pt/24-guimaraes/rayon/congelados/carnes/10421-hamburgeres-e-almondegas
Congelados,Peixes,https://lojaonline.intermarche.pt/24-guimaraes/rayon/congelados/peixes/10423-bacalhau
Congelados,Peixes,https://lojaonline.intermarche.pt/24-guimaraes/rayon/congelados/peixes/10424-peixe
Congelados,Peixes,https://lojaonline.intermarche.pt/24-guimaraes/rayon/congelados/peixes/10425-lula-polvo-e-outros
Congelados,Marisco,https://lojaonline.intermarche.pt/24-guimaraes/rayon/congelados/marisco/10427-camarao
Congelados,Marisco,https://lojaonline.intermarche.pt/24-guimaraes/rayon/congelados/marisco/10429-delicias-do-mar-e-preparados-marisco
Congelados,Legumes e Frutas ,https://lojaonline.intermarche.pt/24-guimaraes/rayon/congelados/legumes-e-frutas/10431-frutas-congeladas
Congelados,Legumes e Frutas ,https://lojaonline.intermarche.pt/24-guimaraes/rayon/congelados/legumes-e-frutas/10432-legumes-congelados
Congelados,Legumes e Frutas ,https://lojaonline.intermarche.pt/24-guimaraes/rayon/congelados/legumes-e-frutas/10822-batata-pre-frita
Congelados,Gelados e Sobremesas,https://lojaonline.intermarche.pt/24-guimaraes/rayon/congelados/gelados-e-sobremesas/10433-gelados-familiares
Congelados,Gelados e Sobremesas,https://lojaonline.intermarche.pt/24-guimaraes/rayon/congelados/gelados-e-sobremesas/10434-gelados-individuais
Congelados,Gelados e Sobremesas,https://lojaonline.intermarche.pt/24-guimaraes/rayon/congelados/gelados-e-sobremesas/10435-sobremesas
Congelados,Gelados e Sobremesas,https://lojaonline.intermarche.pt/24-guimaraes/rayon/congelados/gelados-e-sobremesas/10826-gelo-picado-e-cubos
Bebé,Puericultura,https://lojaonline.intermarche.pt/24-guimaraes/rayon/bebe/puericultura/10439-acessorios-de-alimentacao
Bebé,Puericultura,https://lojaonline.intermarche.pt/24-guimaraes/rayon/bebe/puericultura/10440-outros-acessorios
Bebé,Alimentação e Acessórios,https://lojaonline.intermarche.pt/24-guimaraes/rayon/bebe/alimentacao-do-bebe/10444-leites-infantis
Bebé,Alimentação e Acessórios,https://lojaonline.intermarche.pt/24-guimaraes/rayon/bebe/alimentacao-do-bebe/10768-papas-e-cereais-lacteos
Bebé,Alimentação e Acessórios,https://lojaonline.intermarche.pt/24-guimaraes/rayon/bebe/alimentacao-do-bebe/10445-sopas-e-refeicoes
Bebé,Alimentação e Acessórios,https://lojaonline.intermarche.pt/24-guimaraes/rayon/bebe/alimentacao-do-bebe/10447-iogurtes-bebe
Bebé,Alimentação e Acessórios,https://lojaonline.intermarche.pt/24-guimaraes/rayon/bebe/alimentacao-do-bebe/10446-frutas-e-sobremesas
Bebé,Higiene Bebé e Criança,https://lojaonline.intermarche.pt/24-guimaraes/rayon/bebe/higiene-do-bebe/10436-banho-bebe
Bebé,Higiene Bebé e Criança,https://lojaonline.intermarche.pt/24-guimaraes/rayon/bebe/higiene-do-bebe/10437-protecao-e-hidratacao-bebe
Bebé,Higiene Bebé e Criança,https://lojaonline.intermarche.pt/24-guimaraes/rayon/bebe/higiene-do-bebe/10438-higiene-oral
Bebé,Higiene Bebé e Criança,https://lojaonline.intermarche.pt/24-guimaraes/rayon/bebe/muda-de-fraldas-e-toalhitas/10694-fraldas
Bebé,Higiene Bebé e Criança,https://lojaonline.intermarche.pt/24-guimaraes/rayon/bebe/muda-de-fraldas-e-toalhitas/10695-fraldas-cuecas
Bebé,Higiene Bebé e Criança,https://lojaonline.intermarche.pt/24-guimaraes/rayon/bebe/muda-de-fraldas-e-toalhitas/10770-toalhitas
Higiene e Beleza,Higiene Homem,https://lojaonline.intermarche.pt/24-guimaraes/rayon/higiene-e-beleza/produtos-para-homem/10466-barba
Higiene e Beleza,Higiene Homem,https://lojaonline.intermarche.pt/24-guimaraes/rayon/higiene-e-beleza/produtos-para-homem/10776-higiene-e-cuidados
Higiene e Beleza,Higiene Homem,https://lojaonline.intermarche.pt/24-guimaraes/rayon/higiene-e-beleza/produtos-para-homem/10782-desodorizantes-e-perfumes
Higiene e Beleza,Higiene Oral,https://lojaonline.intermarche.pt/24-guimaraes/rayon/higiene-e-beleza/higiene-oral/10471-pastas-de-dentes
Higiene e Beleza,Higiene Oral,https://lojaonline.intermarche.pt/24-guimaraes/rayon/higiene-e-beleza/higiene-oral/10761-pastas-de-dentes-2-em-1
Higiene e Beleza,Higiene Oral,https://lojaonline.intermarche.pt/24-guimaraes/rayon/higiene-e-beleza/higiene-oral/10473-escovas-de-dentes
Higiene e Beleza,Higiene Oral,https://lojaonline.intermarche.pt/24-guimaraes/rayon/higiene-e-beleza/higiene-oral/10470-fios-dentario
Higiene e Beleza,Higiene Oral,https://lojaonline.intermarche.pt/24-guimaraes/rayon/higiene-e-beleza/higiene-oral/10474-elixires
Higiene e Beleza,Higiene Oral,https://lojaonline.intermarche.pt/24-guimaraes/rayon/higiene-e-beleza/higiene-oral/10472-produtos-para-proteses-dentarias
Higiene e Beleza,Higiene Oral,https://lojaonline.intermarche.pt/24-guimaraes/rayon/higiene-e-beleza/higiene-oral/10469-higiene-oral-infantil
Higiene e Beleza,Higiene Corporal,https://lojaonline.intermarche.pt/24-guimaraes/rayon/higiene-e-beleza/higiene-corporal/10476-sabonete-liquido
Higiene e Beleza,Higiene Corporal,https://lojaonline.intermarche.pt/24-guimaraes/rayon/higiene-e-beleza/higiene-corporal/10477-sabonete-solido
Higiene e Beleza,Higiene Corporal,https://lojaonline.intermarche.pt/24-guimaraes/rayon/higiene-e-beleza/higiene-corporal/10478-gel-de-banho-perfumado
Higiene e Beleza,Higiene Corporal,https://lojaonline.intermarche.pt/24-guimaraes/rayon/higiene-e-beleza/higiene-corporal/10786-gel-de-banho-dermoprotetor
Higiene e Beleza,Higiene Corporal,https://lojaonline.intermarche.pt/24-guimaraes/rayon/higiene-e-beleza/higiene-corporal/10475-acessorios-e-conjuntos
Higiene e Beleza,Cabelo,https://lojaonline.intermarche.pt/24-guimaraes/rayon/higiene-e-beleza/cabelo/10488-mascaras-e-amaciadores
Higiene e Beleza,Cabelo,https://lojaonline.intermarche.pt/24-guimaraes/rayon/higiene-e-beleza/cabelo/10487-lacas-e-outros-modeladores
Higiene e Beleza,Cabelo,https://lojaonline.intermarche.pt/24-guimaraes/rayon/higiene-e-beleza/cabelo/10491-champos
Higiene e Beleza,Cabelo,https://lojaonline.intermarche.pt/24-guimaraes/rayon/higiene-e-beleza/cabelo/10492-coloracao
Higiene e Beleza,Cabelo,https://lojaonline.intermarche.pt/24-guimaraes/rayon/higiene-e-beleza/cabelo/10485-escovas-e-pentes
Higiene e Beleza,Produtos cosméticos,https://lojaonline.intermarche.pt/24-guimaraes/rayon/higiene-e-beleza/produtos-cosmeticos/10503-corpo
Higiene e Beleza,Produtos cosméticos,https://lojaonline.intermarche.pt/24-guimaraes/rayon/higiene-e-beleza/produtos-cosmeticos/10504-rosto
Higiene e Beleza,Produtos cosméticos,https://lojaonline.intermarche.pt/24-guimaraes/rayon/higiene-e-beleza/produtos-cosmeticos/10505-limpeza-facial
Higiene e Beleza,Produtos cosméticos,https://lojaonline.intermarche.pt/24-guimaraes/rayon/higiene-e-beleza/produtos-cosmeticos/10506-maquilhagem
Higiene e Beleza,Perfumaria e Desodorizantes,https://lojaonline.intermarche.pt/24-guimaraes/rayon/higiene-e-beleza/perfumaria-e-desodorizantes/10522-desodorizantes
Higiene e Beleza,Perfumaria e Desodorizantes,https://lojaonline.intermarche.pt/24-guimaraes/rayon/higiene-e-beleza/perfumaria-e-desodorizantes/10521-perfumes
Higiene e Beleza,"Produtos para mãos, pés e Unhas",https://lojaonline.intermarche.pt/24-guimaraes/rayon/higiene-e-beleza/produtos-para-maos-pes-e-unhas/10529-cuidados-para-maos-e-unhas
Higiene e Beleza,"Produtos para mãos, pés e Unhas",https://lojaonline.intermarche.pt/24-guimaraes/rayon/higiene-e-beleza/produtos-para-maos-pes-e-unhas/10530-cuidados-para-pes-e-pernas
Higiene e Beleza,"Produtos para mãos, pés e Unhas",https://lojaonline.intermarche.pt/24-guimaraes/rayon/higiene-e-beleza/produtos-para-maos-pes-e-unhas/10528-acessorios-pes-maos-e-unhas
Higiene e Beleza,Cuidados de Saúde,https://lojaonline.intermarche.pt/24-guimaraes/rayon/higiene-e-beleza/cuidados-de-saude/10537-saude-e-bem-estar
Higiene e Beleza,Cuidados de Saúde,https://lojaonline.intermarche.pt/24-guimaraes/rayon/higiene-e-beleza/cuidados-de-saude/10536-primeiros-socorros
Higiene e Beleza,Cuidados de Saúde,https://lojaonline.intermarche.pt/24-guimaraes/rayon/higiene-e-beleza/cuidados-de-saude/10535-preservativos
Higiene e Beleza,Produtos para depilação,https://lojaonline.intermarche.pt/24-guimaraes/rayon/higiene-e-beleza/produtos-para-depilacao/10531-laminas
Higiene e Beleza,Produtos para depilação,https://lojaonline.intermarche.pt/24-guimaraes/rayon/higiene-e-beleza/produtos-para-depilacao/10532-bandas-depilatorias-e-ceras
Higiene e Beleza,Produtos para depilação,https://lojaonline.intermarche.pt/24-guimaraes/rayon/higiene-e-beleza/produtos-para-depilacao/10533-aerosol-espuma-e-gel-depilatorio
Higiene e Beleza,Higiene Intíma Feminina,https://lojaonline.intermarche.pt/24-guimaraes/rayon/higiene-e-beleza/higiene-intima-feminina/10538-pensos-diarios
Higiene e Beleza,Higiene Intíma Feminina,https://lojaonline.intermarche.pt/24-guimaraes/rayon/higiene-e-beleza/higiene-intima-feminina/10539-pensos-higienicos
Higiene e Beleza,Higiene Intíma Feminina,https://lojaonline.intermarche.pt/24-guimaraes/rayon/higiene-e-beleza/higiene-intima-feminina/10540-tampoes
Higiene e Beleza,Higiene Intíma Feminina,https://lojaonline.intermarche.pt/24-guimaraes/rayon/higiene-e-beleza/higiene-intima-feminina/10541-gel-sabonetes-e-locoes
Higiene e Beleza,Higiene Intíma Feminina,https://lojaonline.intermarche.pt/24-guimaraes/rayon/higiene-e-beleza/higiene-intima-feminina/10698-toalhitas-intimas
Higiene e Beleza,Produtos para incontinência,https://lojaonline.intermarche.pt/24-guimaraes/rayon/higiene-e-beleza/produtos-para-incontinencia/10542-fraldas-e-cuecas
Higiene e Beleza,Produtos para incontinência,https://lojaonline.intermarche.pt/24-guimaraes/rayon/higiene-e-beleza/produtos-para-incontinencia/10543-pensos-e-outros
Higiene e Beleza,Produtos para incontinência,https://lojaonline.intermarche.pt/24-guimaraes/rayon/higiene-e-beleza/produtos-para-incontinencia/10544-complementos
Higiene e Beleza,Produtos para Sol,https://lojaonline.intermarche.pt/24-guimaraes/rayon/higiene-e-beleza/produtos-para-sol/10545-after-sun
Higiene e Beleza,Produtos para Sol,https://lojaonline.intermarche.pt/24-guimaraes/rayon/higiene-e-beleza/produtos-para-sol/10546-bronzeadores
Higiene e Beleza,Produtos para Sol,https://lojaonline.intermarche.pt/24-guimaraes/rayon/higiene-e-beleza/produtos-para-sol/10547-protetores
Higiene e Beleza,Papel higiénico e lenços papel,https://lojaonline.intermarche.pt/24-guimaraes/rayon/higiene-e-beleza/papel-higienico-e-lencos-papel/10548-papel-higienico
Higiene e Beleza,Papel higiénico e lenços papel,https://lojaonline.intermarche.pt/24-guimaraes/rayon/higiene-e-beleza/papel-higienico-e-lencos-papel/10549-lencos-papel
Limpeza,Casa,https://lojaonline.intermarche.pt/24-guimaraes/rayon/limpeza/acessorios-de-limpeza/10562-esponjas-e-esfregoes
Limpeza,Casa,https://lojaonline.intermarche.pt/24-guimaraes/rayon/limpeza/acessorios-de-limpeza/10561-esfregonas
Limpeza,Casa,https://lojaonline.intermarche.pt/24-guimaraes/rayon/limpeza/acessorios-de-limpeza/10558-panos-de-limpeza
Limpeza,Casa,https://lojaonline.intermarche.pt/24-guimaraes/rayon/limpeza/acessorios-de-limpeza/10557-luvas
Limpeza,Casa,https://lojaonline.intermarche.pt/24-guimaraes/rayon/limpeza/acessorios-de-limpeza/10560-vassouras-escovas-e-pas
Limpeza,Casa,https://lojaonline.intermarche.pt/24-guimaraes/rayon/limpeza/acessorios-de-limpeza/10556-baldes-e-alguidares
Limpeza,Casa,https://lojaonline.intermarche.pt/24-guimaraes/rayon/limpeza/acessorios-de-limpeza/10559-sacos-de-lixo
Limpeza,Casa,https://lojaonline.intermarche.pt/24-guimaraes/rayon/limpeza/ambientadores/10563-absorve-e-elimina-odores
Limpeza,Casa,https://lojaonline.intermarche.pt/24-guimaraes/rayon/limpeza/ambientadores/10564-casa-de-banho
Limpeza,Casa,https://lojaonline.intermarche.pt/24-guimaraes/rayon/limpeza/ambientadores/10565-eletricos-e-automaticos
Limpeza,Casa,https://lojaonline.intermarche.pt/24-guimaraes/rayon/limpeza/ambientadores/10566-velas-e-decorativos
Limpeza,Casa,https://lojaonline.intermarche.pt/24-guimaraes/rayon/limpeza/ambientadores/10567-aerossol
Limpeza,Casa,https://lojaonline.intermarche.pt/24-guimaraes/rayon/limpeza/ambientadores/10568-recargas-eletricosautomaticos
Limpeza,Casa,https://lojaonline.intermarche.pt/24-guimaraes/rayon/limpeza/ambientadores/10790-aerossol
Limpeza,Casa,https://lojaonline.intermarche.pt/24-guimaraes/rayon/limpeza/inseticidas/10569-anti-tracas
Limpeza,Casa,https://lojaonline.intermarche.pt/24-guimaraes/rayon/limpeza/inseticidas/10570-casa-e-plantas
Limpeza,Casa,https://lojaonline.intermarche.pt/24-guimaraes/rayon/limpeza/inseticidas/10571-rastejantes-e-insetos
Limpeza,Casa,https://lojaonline.intermarche.pt/24-guimaraes/rayon/limpeza/inseticidas/10791-eletricos
Limpeza,Casa,https://lojaonline.intermarche.pt/24-guimaraes/rayon/limpeza/lavagem-da-loica/10593-detergente-manual-loica
Limpeza,Casa,https://lojaonline.intermarche.pt/24-guimaraes/rayon/limpeza/lavagem-da-loica/10594-detergente-maquina-loica
Limpeza,Casa,https://lojaonline.intermarche.pt/24-guimaraes/rayon/limpeza/guardanapos-e-rolos-de-cozinha/10600-guardanapos
Limpeza,Casa,https://lojaonline.intermarche.pt/24-guimaraes/rayon/limpeza/guardanapos-e-rolos-de-cozinha/10601-rolos-de-cozinha
Limpeza,Casa,https://lojaonline.intermarche.pt/24-guimaraes/rayon/limpeza/limpeza-casa-de-banho/10605-blocos-sanitarios
Limpeza,Casa,https://lojaonline.intermarche.pt/24-guimaraes/rayon/limpeza/limpeza-casa-de-banho/10602-abrasivos
Limpeza,Casa,https://lojaonline.intermarche.pt/24-guimaraes/rayon/limpeza/limpeza-casa-de-banho/10603-gel-limpeza
Limpeza,Casa,https://lojaonline.intermarche.pt/24-guimaraes/rayon/limpeza/limpeza-casa-de-banho/10604-detergentes-wc
Limpeza,Casa,https://lojaonline.intermarche.pt/24-guimaraes/rayon/limpeza/limpeza-de-cozinha/10606-bancadas-e-superficies
Limpeza,Casa,https://lojaonline.intermarche.pt/24-guimaraes/rayon/limpeza/limpeza-de-cozinha/10607-fogoes-e-fornos
Limpeza,Casa,https://lojaonline.intermarche.pt/24-guimaraes/rayon/limpeza/limpeza-de-cozinha/10608-desentupidores-e-desengordurantes
Limpeza,Casa,https://lojaonline.intermarche.pt/24-guimaraes/rayon/limpeza/limpeza-geral/10609-lava-tudo
Limpeza,Casa,https://lojaonline.intermarche.pt/24-guimaraes/rayon/limpeza/limpeza-geral/10610-limpa-vidros
Limpeza,Casa,https://lojaonline.intermarche.pt/24-guimaraes/rayon/limpeza/limpeza-geral/10611-lixivia-de-limpeza
Limpeza,Casa,https://lojaonline.intermarche.pt/24-guimaraes/rayon/limpeza/limpeza-geral/10612-limpeza-de-chao
Limpeza,Casa,https://lojaonline.intermarche.pt/24-guimaraes/rayon/limpeza/limpeza-geral/10613-madeiras
Limpeza,Casa,https://lojaonline.intermarche.pt/24-guimaraes/rayon/limpeza/limpeza-geral/10614-multisuperficies
Limpeza,Casa,https://lojaonline.intermarche.pt/24-guimaraes/rayon/limpeza/limpeza-geral/10739-especificos-limpeza
Limpeza,Roupa,https://lojaonline.intermarche.pt/24-guimaraes/rayon/limpeza/produtos-para-calcado/10617-autobrilhante
Limpeza,Roupa,https://lojaonline.intermarche.pt/24-guimaraes/rayon/limpeza/lavagem-da-roupa/10572-detergente-manual-roupa
Limpeza,Roupa,https://lojaonline.intermarche.pt/24-guimaraes/rayon/limpeza/lavagem-da-roupa/10573-detergente-maquina-roupa
Limpeza,Tratamento da Roupa,https://lojaonline.intermarche.pt/24-guimaraes/rayon/limpeza/cuidados-da-roupa/10588-amaciador-para-roupa-concentrado
Limpeza,Tratamento da Roupa,https://lojaonline.intermarche.pt/24-guimaraes/rayon/limpeza/cuidados-da-roupa/10589-amaciador-para-roupa-diluido
Limpeza,Tratamento da Roupa,https://lojaonline.intermarche.pt/24-guimaraes/rayon/limpeza/cuidados-da-roupa/10590-lixivia-roupa-delicada
Limpeza,Tratamento da Roupa,https://lojaonline.intermarche.pt/24-guimaraes/rayon/limpeza/cuidados-da-roupa/10591-aditivos
Limpeza,Tratamento da Roupa,https://lojaonline.intermarche.pt/24-guimaraes/rayon/limpeza/cuidados-da-roupa/10592-outros
Limpeza,Tratamento da Roupa,https://lojaonline.intermarche.pt/24-guimaraes/rayon/limpeza/cuidados-da-roupa/10706-lixivia-roupa-tradicional
Animais,Cães,https://lojaonline.intermarche.pt/24-guimaraes/rayon/animais/caes/10658-alimentacao-humidos
Animais,Cães,https://lojaonline.intermarche.pt/24-guimaraes/rayon/animais/caes/10659-alimentacao-secos
Animais,Cães,https://lojaonline.intermarche.pt/24-guimaraes/rayon/animais/caes/10660-snacks-e-biscoitos
Animais,Gatos,https://lojaonline.intermarche.pt/24-guimaraes/rayon/animais/gatos/10662-alimentacao-humidos
Animais,Gatos,https://lojaonline.intermarche.pt/24-guimaraes/rayon/animais/gatos/10663-alimentacao-secos
Animais,Gatos,https://lojaonline.intermarche.pt/24-guimaraes/rayon/animais/gatos/10664-snacks-e-biscoitos
Animais,Gatos,https://lojaonline.intermarche.pt/24-guimaraes/rayon/animais/gatos/10666-higiene
Animais,Aves,https://lojaonline.intermarche.pt/24-guimaraes/rayon/animais/aves/10667-alimentacao
Animais,Roedores,https://lojaonline.intermarche.pt/24-guimaraes/rayon/animais/roedores/10671-alimentacao
Casa,Artigos de Festa,https://lojaonline.intermarche.pt/24-guimaraes/rayon/casa/artigos-de-festa/10622-palhinhas-e-velas-de-aniversario
Casa,Artigos de Festa,https://lojaonline.intermarche.pt/24-guimaraes/rayon/casa/artigos-de-festa/10623-descartaveis
Casa,Artigos de Festa,https://lojaonline.intermarche.pt/24-guimaraes/rayon/casa/artigos-de-festa/10625-outros
Casa,Cozinha,https://lojaonline.intermarche.pt/24-guimaraes/rayon/casa/cozinha/10626-cutelaria
Casa,Cozinha,https://lojaonline.intermarche.pt/24-guimaraes/rayon/casa/cozinha/10627-frigideiras-tachos-e-panelas
Casa,Cozinha,https://lojaonline.intermarche.pt/24-guimaraes/rayon/casa/cozinha/10628-pratos-travessas-e-saladeiras
Casa,Cozinha,https://lojaonline.intermarche.pt/24-guimaraes/rayon/casa/cozinha/10629-copos-chavenas-e-canecas
Casa,Cozinha,https://lojaonline.intermarche.pt/24-guimaraes/rayon/casa/cozinha/10630-utensilios-de-cozinha
Casa,Cozinha,https://lojaonline.intermarche.pt/24-guimaraes/rayon/casa/cozinha/10631-conservacao-de-alimentos
Casa,Cozinha,https://lojaonline.intermarche.pt/24-guimaraes/rayon/casa/cozinha/10726-fosforos-e-palitos
Casa,Escritório,https://lojaonline.intermarche.pt/24-guimaraes/rayon/casa/escritorio/10636-cadernos-e-arquivo
Casa,Escritório,https://lojaonline.intermarche.pt/24-guimaraes/rayon/casa/escritorio/10637-escrita
Casa,Escritório,https://lojaonline.intermarche.pt/24-guimaraes/rayon/casa/escritorio/10638-desenho-e-pintura
Casa,Escritório,https://lojaonline.intermarche.pt/24-guimaraes/rayon/casa/escritorio/10639-papelaria
Casa,Lavandaria,https://lojaonline.intermarche.pt/24-guimaraes/rayon/casa/lavandaria/10642-estendais-e-acessorios
Casa,Bricolage e Jardim,https://lojaonline.intermarche.pt/24-guimaraes/rayon/casa/jardim-e-barbecue/10643-jardim
Casa,Bricolage e Jardim,https://lojaonline.intermarche.pt/24-guimaraes/rayon/casa/jardim-e-barbecue/10644-barbecue
Casa,Bricolage e Jardim,https://lojaonline.intermarche.pt/24-guimaraes/rayon/casa/bricolage/10650-colas-e-adesivos
Casa,Garagem,https://lojaonline.intermarche.pt/24-guimaraes/rayon/casa/auto/10651-limpeza-e-protecao-auto
Casa,Garagem,https://lojaonline.intermarche.pt/24-guimaraes/rayon/casa/auto/10652-lubrificacao-e-manutencao-auto
Casa,Garagem,https://lojaonline.intermarche.pt/24-guimaraes/rayon/casa/auto/10653-outros
Casa,Garagem,https://lojaonline.intermarche.pt/24-guimaraes/rayon/casa/auto/10787-ambientores-auto
Casa,Iluminação e Energia,https://lojaonline.intermarche.pt/24-guimaraes/rayon/casa/iluminacao-e-energia/10654-lampadas
Casa,Iluminação e Energia,https://lojaonline.intermarche.pt/24-guimaraes/rayon/casa/iluminacao-e-energia/10655-material-e-acessorios-eletricos
Casa,Iluminação e Energia,https://lojaonline.intermarche.pt/24-guimaraes/rayon/casa/iluminacao-e-energia/10656-pilhas-e-lanternas
Casa,Escritório,https://lojaonline.intermarche.pt/24-guimaraes/rayon/casa/material-escolar/10869-papelaria-e-organizacao
